{"v":"5.3.4","fr":60,"ip":0,"op":153,"w":784,"h":820,"nm":"Bag arrow","ddd":0,"assets":[],"layers":[{"ddd":0,"ind":1,"ty":4,"nm":"bag 2","sr":1,"ks":{"o":{"a":0,"k":100,"ix":11},"r":{"a":0,"k":0,"ix":10},"p":{"a":0,"k":[392,436,0],"ix":2},"a":{"a":0,"k":[0,0,0],"ix":1},"s":{"a":0,"k":[100,100,100],"ix":6}},"ao":0,"shapes":[{"ty":"gr","it":[{"ind":0,"ty":"sh","ix":1,"ks":{"a":1,"k":[{"i":{"x":0.667,"y":1},"o":{"x":0.495,"y":0},"n":"0p667_1_0p495_0","t":33,"s":[{"i":[[0,0],[0,0],[0,0]],"o":[[0,0],[0,0],[0,0]],"v":[[-0.194,-399.582],[-0.5,-399],[0,-399.5]],"c":false}],"e":[{"i":[[0,0],[0,0],[0,0]],"o":[[0,0],[0,0],[0,0]],"v":[[55,-149.388],[0,-94],[-55.5,-149.5]],"c":false}]},{"i":{"x":0.494,"y":1},"o":{"x":0.432,"y":0},"n":"0p494_1_0p432_0","t":44,"s":[{"i":[[0,0],[0,0],[0,0]],"o":[[0,0],[0,0],[0,0]],"v":[[55,-149.388],[0,-94],[-55.5,-149.5]],"c":false}],"e":[{"i":[[0,0],[0,0],[0,0]],"o":[[0,0],[0,0],[0,0]],"v":[[-0.076,-35.895],[0,-36],[-0.007,-35.812]],"c":false}]},{"t":62}],"ix":2},"nm":"Path 1","mn":"ADBE Vector Shape - Group","hd":false},{"ty":"st","c":{"a":0,"k":[0.035,0.035,0.043,1],"ix":3},"o":{"a":0,"k":100,"ix":4},"w":{"a":0,"k":40,"ix":5},"lc":2,"lj":2,"nm":"Stroke 1","mn":"ADBE Vector Graphic - Stroke","hd":false},{"ty":"tr","p":{"a":0,"k":[0,0],"ix":2},"a":{"a":0,"k":[0,0],"ix":1},"s":{"a":0,"k":[100,100],"ix":3},"r":{"a":0,"k":0,"ix":6},"o":{"a":0,"k":100,"ix":7},"sk":{"a":0,"k":0,"ix":4},"sa":{"a":0,"k":0,"ix":5},"nm":"Transform"}],"nm":"Group 1","np":2,"cix":2,"ix":1,"mn":"ADBE Vector Group","hd":false},{"ty":"gr","it":[{"ind":0,"ty":"sh","ix":1,"ks":{"a":1,"k":[{"i":{"x":0.667,"y":1},"o":{"x":0.495,"y":0},"n":"0p667_1_0p495_0","t":33,"s":[{"i":[[0,0],[0,0]],"o":[[0,0],[0,0]],"v":[[0.5,-399],[-0.5,-399]],"c":false}],"e":[{"i":[[0,0],[0,0]],"o":[[0,0],[0,0]],"v":[[0,-374],[0,-94]],"c":false}]},{"i":{"x":0.494,"y":1},"o":{"x":0.432,"y":0},"n":"0p494_1_0p432_0","t":44,"s":[{"i":[[0,0],[0,0]],"o":[[0,0],[0,0]],"v":[[0,-374],[0,-94]],"c":false}],"e":[{"i":[[0,0],[0,0]],"o":[[0,0],[0,0]],"v":[[-0.007,-35.938],[0,-36]],"c":false}]},{"t":62}],"ix":2},"nm":"Path 1","mn":"ADBE Vector Shape - Group","hd":false},{"ty":"st","c":{"a":0,"k":[0.035,0.035,0.043,1],"ix":3},"o":{"a":0,"k":100,"ix":4},"w":{"a":0,"k":40,"ix":5},"lc":2,"lj":2,"nm":"Stroke 1","mn":"ADBE Vector Graphic - Stroke","hd":false},{"ty":"tr","p":{"a":0,"k":[0,0],"ix":2},"a":{"a":0,"k":[0,0],"ix":1},"s":{"a":0,"k":[100,100],"ix":3},"r":{"a":0,"k":0,"ix":6},"o":{"a":0,"k":100,"ix":7},"sk":{"a":0,"k":0,"ix":4},"sa":{"a":0,"k":0,"ix":5},"nm":"Transform"}],"nm":"Group 2","np":2,"cix":2,"ix":2,"mn":"ADBE Vector Group","hd":false}],"ip":34,"op":62,"st":-11,"bm":0},{"ddd":0,"ind":2,"ty":4,"nm":"bag 7","sr":1,"ks":{"o":{"a":0,"k":100,"ix":11},"r":{"a":0,"k":0,"ix":10},"p":{"a":0,"k":[392,436,0],"ix":2},"a":{"a":0,"k":[0,0,0],"ix":1},"s":{"a":0,"k":[100,100,100],"ix":6}},"ao":0,"shapes":[{"ty":"gr","it":[{"ind":0,"ty":"sh","ix":1,"ks":{"a":1,"k":[{"i":{"x":0.667,"y":1},"o":{"x":0.606,"y":0},"n":"0p667_1_0p606_0","t":96,"s":[{"i":[[0,0],[-0.54,-3.107],[-107.349,-1.011],[-6.864,37.5],[0.313,-3.082]],"o":[[-0.311,-3.074],[6.957,40],[118.42,1.115],[0.57,-3.112],[0,0]],"v":[[-169.11,51.809],[-169.595,51],[4.271,158.011],[179.43,48.5],[178.974,47.833]],"c":false}],"e":[{"i":[[0,0],[-1.774,-2],[-103.652,0],[0,79.173],[0.336,-3.082]],"o":[[-0.334,-3.074],[0,81.492],[103.652,0],[-1.647,-2.006],[0,0]],"v":[[-182.837,121.137],[-183.358,120.508],[4.456,272.136],[192,120.827],[191.509,120.522]],"c":false}]},{"i":{"x":0.833,"y":0.833},"o":{"x":0.333,"y":0},"n":"0p833_0p833_0p333_0","t":111,"s":[{"i":[[0,0],[-1.774,-2],[-103.652,0],[0,79.173],[0.336,-3.082]],"o":[[-0.334,-3.074],[0,81.492],[103.652,0],[-1.647,-2.006],[0,0]],"v":[[-182.837,121.137],[-183.358,120.508],[4.456,272.136],[192,120.827],[191.509,120.522]],"c":false}],"e":[{"i":[[0,0],[-3.847,0],[-85.497,0],[2.485,0],[0.277,-3.787]],"o":[[-0.276,-3.777],[2.457,0],[85.497,0],[-3.857,0],[0,0]],"v":[[-146.944,71.658],[-147.374,71.278],[7.445,71.292],[162.238,71.278],[161.833,71.688]],"c":false}]},{"i":{"x":0.833,"y":0.833},"o":{"x":0.167,"y":0.167},"n":"0p833_0p833_0p167_0p167","t":119,"s":[{"i":[[0,0],[-3.847,0],[-85.497,0],[2.485,0],[0.277,-3.787]],"o":[[-0.276,-3.777],[2.457,0],[85.497,0],[-3.857,0],[0,0]],"v":[[-146.944,71.658],[-147.374,71.278],[7.445,71.292],[162.238,71.278],[161.833,71.688]],"c":false}],"e":[{"i":[[0,0],[-1.049,2.277],[-73.922,0],[0.678,-50.605],[0.24,-3.274]],"o":[[-0.238,-3.265],[0.67,-50.605],[73.922,0],[-1.052,2.283],[0,0]],"v":[[-128.154,-22.596],[-128.518,-84.742],[5.334,-176.367],[139.178,-84.742],[138.82,-22.57]],"c":false}]},{"i":{"x":0.485,"y":1},"o":{"x":0.167,"y":0.167},"n":"0p485_1_0p167_0p167","t":127,"s":[{"i":[[0,0],[-1.049,2.277],[-73.922,0],[0.678,-50.605],[0.24,-3.274]],"o":[[-0.238,-3.265],[0.67,-50.605],[73.922,0],[-1.052,2.283],[0,0]],"v":[[-128.154,-22.596],[-128.518,-84.742],[5.334,-176.367],[139.178,-84.742],[138.82,-22.57]],"c":false}],"e":[{"i":[[0,0],[0,3.131],[-65.722,0],[0,-69.582],[0.213,-3.082]],"o":[[-0.212,-3.074],[0,-69.582],[65.722,0],[0,3.139],[0,0]],"v":[[-113.68,-121.691],[-114,-207],[5,-332.989],[124,-207],[123.678,-121.667]],"c":false}]},{"i":{"x":0.462,"y":1},"o":{"x":0.333,"y":0},"n":"0p462_1_0p333_0","t":134,"s":[{"i":[[0,0],[0,3.131],[-65.722,0],[0,-69.582],[0.213,-3.082]],"o":[[-0.212,-3.074],[0,-69.582],[65.722,0],[0,3.139],[0,0]],"v":[[-113.68,-121.691],[-114,-207],[5,-332.989],[124,-207],[123.678,-121.667]],"c":false}],"e":[{"i":[[0,0],[0,3.131],[-69.582,0],[0,-69.582],[0.226,-3.082]],"o":[[-0.224,-3.074],[0,-69.582],[69.582,0],[0,3.139],[0,0]],"v":[[-120.65,-115.691],[-120.989,-201],[5,-326.989],[130.989,-201],[130.648,-115.667]],"c":false}]},{"t":145}],"ix":2},"nm":"Path 1","mn":"ADBE Vector Shape - Group","hd":false},{"ty":"st","c":{"a":0,"k":[0.035,0.035,0.043,1],"ix":3},"o":{"a":0,"k":100,"ix":4},"w":{"a":0,"k":40,"ix":5},"lc":2,"lj":2,"nm":"Stroke 1","mn":"ADBE Vector Graphic - Stroke","hd":false},{"ty":"tr","p":{"a":0,"k":[0,0],"ix":2},"a":{"a":0,"k":[0,0],"ix":1},"s":{"a":0,"k":[100,100],"ix":3},"r":{"a":0,"k":0,"ix":6},"o":{"a":0,"k":100,"ix":7},"sk":{"a":0,"k":0,"ix":4},"sa":{"a":0,"k":0,"ix":5},"nm":"Transform"}],"nm":"Group 1","np":2,"cix":2,"ix":1,"mn":"ADBE Vector Group","hd":false}],"ip":94,"op":153,"st":0,"bm":0},{"ddd":0,"ind":3,"ty":4,"nm":"bag 3","sr":1,"ks":{"o":{"a":0,"k":100,"ix":11},"r":{"a":0,"k":0,"ix":10},"p":{"a":0,"k":[392,436,0],"ix":2},"a":{"a":0,"k":[0,0,0],"ix":1},"s":{"a":0,"k":[100,100,100],"ix":6}},"ao":0,"shapes":[{"ty":"gr","it":[{"ind":0,"ty":"sh","ix":1,"ks":{"a":1,"k":[{"i":{"x":0.667,"y":1},"o":{"x":0.515,"y":0},"n":"0p667_1_0p515_0","t":0,"s":[{"i":[[0,0],[0,3.131],[-69.582,0],[0,-69.582],[0.226,-3.082]],"o":[[-0.224,-3.074],[0,-69.582],[69.582,0],[0,3.139],[0,0]],"v":[[-120.65,-115.691],[-120.989,-201],[5,-326.989],[130.989,-201],[130.648,-115.667]],"c":false}],"e":[{"i":[[0,0],[0,3.131],[-65.722,0],[0,-69.582],[0.213,-3.082]],"o":[[-0.212,-3.074],[0,-69.582],[65.722,0],[0,3.139],[0,0]],"v":[[-113.68,-121.691],[-114,-207],[5,-332.989],[124,-207],[123.678,-121.667]],"c":false}]},{"i":{"x":0.833,"y":0.833},"o":{"x":0.515,"y":0},"n":"0p833_0p833_0p515_0","t":6,"s":[{"i":[[0,0],[0,3.131],[-65.722,0],[0,-69.582],[0.213,-3.082]],"o":[[-0.212,-3.074],[0,-69.582],[65.722,0],[0,3.139],[0,0]],"v":[[-113.68,-121.691],[-114,-207],[5,-332.989],[124,-207],[123.678,-121.667]],"c":false}],"e":[{"i":[[0,0],[0,3.131],[-69.582,0],[0,-69.582],[0.226,-3.082]],"o":[[-0.224,-3.074],[0,-69.582],[69.582,0],[0,3.139],[0,0]],"v":[[-120.65,-115.691],[-120.989,-201],[5,-326.989],[130.989,-201],[130.648,-115.667]],"c":false}]},{"i":{"x":0.833,"y":0.833},"o":{"x":0.167,"y":0.167},"n":"0p833_0p833_0p167_0p167","t":15,"s":[{"i":[[0,0],[0,3.131],[-69.582,0],[0,-69.582],[0.226,-3.082]],"o":[[-0.224,-3.074],[0,-69.582],[69.582,0],[0,3.139],[0,0]],"v":[[-120.65,-115.691],[-120.989,-201],[5,-326.989],[130.989,-201],[130.648,-115.667]],"c":false}],"e":[{"i":[[0,0],[-3.847,0],[-85.497,0],[2.485,0],[0.277,-3.787]],"o":[[-0.276,-3.777],[2.457,0],[85.497,0],[-3.857,0],[0,0]],"v":[[-147.667,7.658],[-148.097,7.278],[6.723,7.292],[161.515,7.278],[161.11,7.688]],"c":false}]},{"i":{"x":0.833,"y":0.833},"o":{"x":0.167,"y":0.167},"n":"0p833_0p833_0p167_0p167","t":22,"s":[{"i":[[0,0],[-3.847,0],[-85.497,0],[2.485,0],[0.277,-3.787]],"o":[[-0.276,-3.777],[2.457,0],[85.497,0],[-3.857,0],[0,0]],"v":[[-147.667,7.658],[-148.097,7.278],[6.723,7.292],[161.515,7.278],[161.11,7.688]],"c":false}],"e":[{"i":[[0,0],[-1.818,-1.977],[-104.743,1.301],[0.984,79.166],[0.301,-3.086]],"o":[[-0.376,-3.069],[1.012,81.486],[104.744,-1.301],[-1.689,-1.985],[0,0]],"v":[[-185.713,123.481],[-186.247,122.859],[5.428,272.117],[193.066,118.466],[192.567,118.167]],"c":false}]},{"i":{"x":0.833,"y":0.833},"o":{"x":0.167,"y":0.167},"n":"0p833_0p833_0p167_0p167","t":32,"s":[{"i":[[0,0],[-1.818,-1.977],[-104.743,1.301],[0.984,79.166],[0.301,-3.086]],"o":[[-0.376,-3.069],[1.012,81.486],[104.744,-1.301],[-1.689,-1.985],[0,0]],"v":[[-185.713,123.481],[-186.247,122.859],[5.428,272.117],[193.066,118.466],[192.567,118.167]],"c":false}],"e":[{"i":[[0,0],[0,-3.131],[-96.693,0],[0,96.5],[0.314,-3.082]],"o":[[-0.312,-3.074],[0,97],[96.693,0],[0,-3.139],[0,0]],"v":[[-169.67,92.809],[-170.156,92],[4.906,232.011],[180,92.5],[179.542,91.833]],"c":false}]},{"i":{"x":0.433,"y":1},"o":{"x":0.167,"y":0.167},"n":"0p433_1_0p167_0p167","t":39,"s":[{"i":[[0,0],[0,-3.131],[-96.693,0],[0,96.5],[0.314,-3.082]],"o":[[-0.312,-3.074],[0,97],[96.693,0],[0,-3.139],[0,0]],"v":[[-169.67,92.809],[-170.156,92],[4.906,232.011],[180,92.5],[179.542,91.833]],"c":false}],"e":[{"i":[[0,0],[-0.54,-3.107],[-107.349,-1.011],[-6.864,37.5],[0.313,-3.082]],"o":[[-0.311,-3.074],[6.957,40],[118.42,1.115],[0.57,-3.112],[0,0]],"v":[[-169.11,51.809],[-169.595,51],[4.271,158.011],[179.43,48.5],[178.974,47.833]],"c":false}]},{"t":53}],"ix":2},"nm":"Path 1","mn":"ADBE Vector Shape - Group","hd":false},{"ty":"st","c":{"a":0,"k":[0.035,0.035,0.043,1],"ix":3},"o":{"a":0,"k":100,"ix":4},"w":{"a":0,"k":40,"ix":5},"lc":2,"lj":2,"nm":"Stroke 1","mn":"ADBE Vector Graphic - Stroke","hd":false},{"ty":"tr","p":{"a":0,"k":[0,0],"ix":2},"a":{"a":0,"k":[0,0],"ix":1},"s":{"a":0,"k":[100,100],"ix":3},"r":{"a":0,"k":0,"ix":6},"o":{"a":0,"k":100,"ix":7},"sk":{"a":0,"k":0,"ix":4},"sa":{"a":0,"k":0,"ix":5},"nm":"Transform"}],"nm":"Group 1","np":2,"cix":2,"ix":1,"mn":"ADBE Vector Group","hd":false}],"ip":0,"op":95,"st":0,"bm":0},{"ddd":0,"ind":4,"ty":4,"nm":"bag 6","parent":5,"sr":1,"ks":{"o":{"a":0,"k":100,"ix":11},"r":{"a":0,"k":0,"ix":10},"p":{"a":0,"k":[0,0,0],"ix":2},"a":{"a":0,"k":[0,0,0],"ix":1},"s":{"a":0,"k":[100,100,100],"ix":6}},"ao":0,"shapes":[{"ty":"gr","it":[{"ind":0,"ty":"sh","ix":1,"ks":{"a":1,"k":[{"i":{"x":0.395,"y":1},"o":{"x":0.333,"y":0},"n":"0p395_1_0p333_0","t":0,"s":[{"i":[[0,0],[0,0],[0,0],[0,0],[0,0],[0,0]],"o":[[0,0],[0,0],[0,0],[0,0],[0,0],[0,0]],"v":[[222.667,-195.816],[-220.588,-195.816],[-143.73,-195.403],[-220.682,-194.987],[223.411,-194.987],[145.77,-195.403]],"c":true}],"e":[{"i":[[0,0],[0,0],[0,0],[0,0],[0,0],[0,0]],"o":[[0,0],[0,0],[0,0],[0,0],[0,0],[0,0]],"v":[[203.321,-195.779],[-201.185,-195.779],[-131.046,-195.403],[-201.271,-195.023],[204,-195.023],[133.146,-195.403]],"c":true}]},{"i":{"x":0.485,"y":1},"o":{"x":0.333,"y":0},"n":"0p485_1_0p333_0","t":6,"s":[{"i":[[0,0],[0,0],[0,0],[0,0],[0,0],[0,0]],"o":[[0,0],[0,0],[0,0],[0,0],[0,0],[0,0]],"v":[[203.321,-195.779],[-201.185,-195.779],[-131.046,-195.403],[-201.271,-195.023],[204,-195.023],[133.146,-195.403]],"c":true}],"e":[{"i":[[0,0],[0,0],[0,0],[0,0],[0,0],[0,0]],"o":[[0,0],[0,0],[0,0],[0,0],[0,0],[0,0]],"v":[[222.667,-195.816],[-220.588,-195.816],[-143.73,-195.403],[-220.682,-194.987],[223.411,-194.987],[145.77,-195.403]],"c":true}]},{"i":{"x":0.493,"y":1},"o":{"x":0.333,"y":0},"n":"0p493_1_0p333_0","t":15,"s":[{"i":[[0,0],[0,0],[0,0],[0,0],[0,0],[0,0]],"o":[[0,0],[0,0],[0,0],[0,0],[0,0],[0,0]],"v":[[222.667,-195.816],[-220.588,-195.816],[-143.73,-195.403],[-220.682,-194.987],[223.411,-194.987],[145.77,-195.403]],"c":true}],"e":[{"i":[[0,0],[0,0],[0,0],[0,0],[0,0],[0,0]],"o":[[0,0],[0,0],[0,0],[0,0],[0,0],[0,0]],"v":[[370.745,0.92],[-370.51,0.92],[-190.878,-69.806],[-219.015,-148.973],[225.077,-148.973],[190.622,-69.806]],"c":true}]},{"i":{"x":0.468,"y":1},"o":{"x":0.333,"y":0},"n":"0p468_1_0p333_0","t":39,"s":[{"i":[[0,0],[0,0],[0,0],[0,0],[0,0],[0,0]],"o":[[0,0],[0,0],[0,0],[0,0],[0,0],[0,0]],"v":[[370.745,0.92],[-370.51,0.92],[-190.878,-69.806],[-219.015,-148.973],[225.077,-148.973],[190.622,-69.806]],"c":true}],"e":[{"i":[[0,0],[0,0],[0,0],[0,0],[0,0],[0,0]],"o":[[0,0],[0,0],[0,0],[0,0],[0,0],[0,0]],"v":[[352.577,-35.908],[-352.679,-35.908],[-144.5,-127.403],[-221.554,-196.987],[222.539,-196.987],[145,-127.403]],"c":true}]},{"i":{"x":0.62,"y":1},"o":{"x":0.167,"y":0},"n":"0p62_1_0p167_0","t":58,"s":[{"i":[[0,0],[0,0],[0,0],[0,0],[0,0],[0,0]],"o":[[0,0],[0,0],[0,0],[0,0],[0,0],[0,0]],"v":[[352.577,-35.908],[-352.679,-35.908],[-144.5,-127.403],[-221.554,-196.987],[222.539,-196.987],[145,-127.403]],"c":true}],"e":[{"i":[[0,0],[0,0],[0,0],[0,0],[0,0],[0,0]],"o":[[0,0],[0,0],[0,0],[0,0],[0,0],[0,0]],"v":[[352.577,-35.908],[-352.679,-35.908],[-144.5,-127.403],[-221.554,-196.987],[222.539,-196.987],[145,-127.403]],"c":true}]},{"i":{"x":0.52,"y":1},"o":{"x":0.333,"y":0},"n":"0p52_1_0p333_0","t":94,"s":[{"i":[[0,0],[0,0],[0,0],[0,0],[0,0],[0,0]],"o":[[0,0],[0,0],[0,0],[0,0],[0,0],[0,0]],"v":[[352.577,-35.908],[-352.679,-35.908],[-144.5,-127.403],[-221.554,-196.987],[222.539,-196.987],[145,-127.403]],"c":true}],"e":[{"i":[[0,0],[0,0],[0,0],[0,0],[0,0],[0,0]],"o":[[0,0],[0,0],[0,0],[0,0],[0,0],[0,0]],"v":[[370.745,0.92],[-370.51,0.92],[-190.878,-69.806],[-219.015,-148.973],[225.077,-148.973],[190.622,-69.806]],"c":true}]},{"i":{"x":0.551,"y":1},"o":{"x":0.333,"y":0},"n":"0p551_1_0p333_0","t":113,"s":[{"i":[[0,0],[0,0],[0,0],[0,0],[0,0],[0,0]],"o":[[0,0],[0,0],[0,0],[0,0],[0,0],[0,0]],"v":[[370.745,0.92],[-370.51,0.92],[-190.878,-69.806],[-219.015,-148.973],[225.077,-148.973],[190.622,-69.806]],"c":true}],"e":[{"i":[[0,0],[0,0],[0,0],[0,0],[0,0],[0,0]],"o":[[0,0],[0,0],[0,0],[0,0],[0,0],[0,0]],"v":[[222.667,-195.816],[-220.588,-195.816],[-143.73,-195.403],[-220.682,-194.987],[223.411,-194.987],[145.77,-195.403]],"c":true}]},{"t":137}],"ix":2},"nm":"Path 1","mn":"ADBE Vector Shape - Group","hd":false},{"ty":"st","c":{"a":0,"k":[0.035,0.035,0.043,1],"ix":3},"o":{"a":0,"k":100,"ix":4},"w":{"a":0,"k":40,"ix":5},"lc":2,"lj":2,"nm":"Stroke 1","mn":"ADBE Vector Graphic - Stroke","hd":false},{"ty":"tr","p":{"a":0,"k":[0,0],"ix":2},"a":{"a":0,"k":[0,0],"ix":1},"s":{"a":0,"k":[100,100],"ix":3},"r":{"a":0,"k":0,"ix":6},"o":{"a":0,"k":100,"ix":7},"sk":{"a":0,"k":0,"ix":4},"sa":{"a":0,"k":0,"ix":5},"nm":"Transform"}],"nm":"Group 1","np":2,"cix":2,"ix":1,"mn":"ADBE Vector Group","hd":false}],"ip":0,"op":153,"st":0,"bm":0},{"ddd":0,"ind":5,"ty":4,"nm":"front","sr":1,"ks":{"o":{"a":0,"k":100,"ix":11},"r":{"a":0,"k":0,"ix":10},"p":{"a":1,"k":[{"i":{"x":0.173,"y":1},"o":{"x":0.333,"y":0},"n":"0p173_1_0p333_0","t":6,"s":[392,436,0],"e":[392,449,0],"to":[0,0,0],"ti":[0,0,0]},{"i":{"x":0.439,"y":1},"o":{"x":0.333,"y":0},"n":"0p439_1_0p333_0","t":29,"s":[392,449,0],"e":[392,422,0],"to":[0,0,0],"ti":[0,0,0]},{"i":{"x":0.455,"y":1},"o":{"x":0.333,"y":0},"n":"0p455_1_0p333_0","t":42,"s":[392,422,0],"e":[392,436,0],"to":[0,0,0],"ti":[0,0,0]},{"i":{"x":0.625,"y":0.625},"o":{"x":0.167,"y":0.167},"n":"0p625_0p625_0p167_0p167","t":58,"s":[392,436,0],"e":[392,436,0],"to":[0,0,0],"ti":[0,0,0]},{"i":{"x":0.545,"y":0.997},"o":{"x":0.333,"y":0},"n":"0p545_0p997_0p333_0","t":90,"s":[392,436,0],"e":[392,422,0],"to":[0,0,0],"ti":[0,0,0]},{"i":{"x":0.566,"y":0.994},"o":{"x":0.333,"y":0},"n":"0p566_0p994_0p333_0","t":109,"s":[392,422,0],"e":[392,436,0],"to":[0,0,0],"ti":[0,0,0]},{"t":153}],"ix":2},"a":{"a":0,"k":[0,0,0],"ix":1},"s":{"a":0,"k":[100,100,100],"ix":6}},"ao":0,"shapes":[{"ty":"gr","it":[{"ind":0,"ty":"sh","ix":1,"ks":{"a":1,"k":[{"i":{"x":0.395,"y":1},"o":{"x":0.333,"y":0},"n":"0p395_1_0p333_0","t":0,"s":[{"i":[[0,0],[0,0],[0,0],[-44,0],[0,0],[0,44]],"o":[[0,0],[0,0],[0,44],[0,0],[44,0],[0,0]],"v":[[222.539,-196.987],[-220.539,-196.987],[-258.539,252.987],[-178.539,332.987],[178.539,332.987],[258.539,252.987]],"c":true}],"e":[{"i":[[0,0],[0,0],[0,0],[-44,0],[0,0],[0,44]],"o":[[0,0],[0,0],[0,44],[0,0],[44,0],[0,0]],"v":[[204,-196.987],[-202,-196.987],[-258.539,252.987],[-178.539,332.987],[178.539,332.987],[258.539,252.987]],"c":true}]},{"i":{"x":0.485,"y":1},"o":{"x":0.333,"y":0},"n":"0p485_1_0p333_0","t":6,"s":[{"i":[[0,0],[0,0],[0,0],[-44,0],[0,0],[0,44]],"o":[[0,0],[0,0],[0,44],[0,0],[44,0],[0,0]],"v":[[204,-196.987],[-202,-196.987],[-258.539,252.987],[-178.539,332.987],[178.539,332.987],[258.539,252.987]],"c":true}],"e":[{"i":[[0,0],[0,0],[0,0],[-44,0],[0,0],[0,44]],"o":[[0,0],[0,0],[0,44],[0,0],[44,0],[0,0]],"v":[[222.539,-196.987],[-220.539,-196.987],[-258.539,252.987],[-178.539,332.987],[178.539,332.987],[258.539,252.987]],"c":true}]},{"i":{"x":0.493,"y":1},"o":{"x":0.333,"y":0},"n":"0p493_1_0p333_0","t":15,"s":[{"i":[[0,0],[0,0],[0,0],[-44,0],[0,0],[0,44]],"o":[[0,0],[0,0],[0,44],[0,0],[44,0],[0,0]],"v":[[222.539,-196.987],[-220.539,-196.987],[-258.539,252.987],[-178.539,332.987],[178.539,332.987],[258.539,252.987]],"c":true}],"e":[{"i":[[0,0],[0,0],[0,0],[-57.461,0],[0,0],[-18.539,41.013]],"o":[[0,0],[0,0],[17.539,38.013],[0,0],[57.461,0],[0,0]],"v":[[370.155,2.027],[-370.923,2.027],[-289.539,252.987],[-202.539,332.987],[202.539,332.987],[289.539,252.987]],"c":true}]},{"i":{"x":0.468,"y":1},"o":{"x":0.333,"y":0},"n":"0p468_1_0p333_0","t":39,"s":[{"i":[[0,0],[0,0],[0,0],[-57.461,0],[0,0],[-18.539,41.013]],"o":[[0,0],[0,0],[17.539,38.013],[0,0],[57.461,0],[0,0]],"v":[[370.155,2.027],[-370.923,2.027],[-289.539,252.987],[-202.539,332.987],[202.539,332.987],[289.539,252.987]],"c":true}],"e":[{"i":[[0,0],[0,0],[0,0],[-57.461,0],[0,0],[-18.539,41.013]],"o":[[0,0],[0,0],[17.539,38.013],[0,0],[57.461,0],[0,0]],"v":[[355.077,-35.973],[-354,-35.973],[-265.539,252.987],[-178.539,332.987],[178.539,332.987],[265.539,252.987]],"c":true}]},{"i":{"x":0.622,"y":1},"o":{"x":0.167,"y":0},"n":"0p622_1_0p167_0","t":55,"s":[{"i":[[0,0],[0,0],[0,0],[-57.461,0],[0,0],[-18.539,41.013]],"o":[[0,0],[0,0],[17.539,38.013],[0,0],[57.461,0],[0,0]],"v":[[355.077,-35.973],[-354,-35.973],[-265.539,252.987],[-178.539,332.987],[178.539,332.987],[265.539,252.987]],"c":true}],"e":[{"i":[[0,0],[0,0],[0,0],[-57.461,0],[0,0],[-18.539,41.013]],"o":[[0,0],[0,0],[17.539,38.013],[0,0],[57.461,0],[0,0]],"v":[[355.077,-35.973],[-354,-35.973],[-265.539,252.987],[-178.539,332.987],[178.539,332.987],[265.539,252.987]],"c":true}]},{"i":{"x":0.52,"y":1},"o":{"x":0.333,"y":0},"n":"0p52_1_0p333_0","t":94,"s":[{"i":[[0,0],[0,0],[0,0],[-57.461,0],[0,0],[-18.539,41.013]],"o":[[0,0],[0,0],[17.539,38.013],[0,0],[57.461,0],[0,0]],"v":[[355.077,-35.973],[-354,-35.973],[-265.539,252.987],[-178.539,332.987],[178.539,332.987],[265.539,252.987]],"c":true}],"e":[{"i":[[0,0],[0,0],[0,0],[-57.461,0],[0,0],[-18.539,41.013]],"o":[[0,0],[0,0],[17.539,38.013],[0,0],[57.461,0],[0,0]],"v":[[370.155,2.027],[-370.923,2.027],[-289.539,252.987],[-202.539,332.987],[202.539,332.987],[289.539,252.987]],"c":true}]},{"i":{"x":0.551,"y":1},"o":{"x":0.333,"y":0},"n":"0p551_1_0p333_0","t":113,"s":[{"i":[[0,0],[0,0],[0,0],[-57.461,0],[0,0],[-18.539,41.013]],"o":[[0,0],[0,0],[17.539,38.013],[0,0],[57.461,0],[0,0]],"v":[[370.155,2.027],[-370.923,2.027],[-289.539,252.987],[-202.539,332.987],[202.539,332.987],[289.539,252.987]],"c":true}],"e":[{"i":[[0,0],[0,0],[0,0],[-44,0],[0,0],[0,44]],"o":[[0,0],[0,0],[0,44],[0,0],[44,0],[0,0]],"v":[[222.539,-196.987],[-220.539,-196.987],[-258.539,252.987],[-178.539,332.987],[178.539,332.987],[258.539,252.987]],"c":true}]},{"t":137}],"ix":2},"nm":"Path 1","mn":"ADBE Vector Shape - Group","hd":false},{"ty":"st","c":{"a":0,"k":[0.035,0.035,0.043,1],"ix":3},"o":{"a":0,"k":100,"ix":4},"w":{"a":0,"k":40,"ix":5},"lc":2,"lj":2,"nm":"Stroke 1","mn":"ADBE Vector Graphic - Stroke","hd":false},{"ty":"tr","p":{"a":0,"k":[0,0],"ix":2},"a":{"a":0,"k":[0,0],"ix":1},"s":{"a":0,"k":[100,100],"ix":3},"r":{"a":0,"k":0,"ix":6},"o":{"a":0,"k":100,"ix":7},"sk":{"a":0,"k":0,"ix":4},"sa":{"a":0,"k":0,"ix":5},"nm":"Transform"}],"nm":"Group 1","np":2,"cix":2,"ix":1,"mn":"ADBE Vector Group","hd":false}],"ip":0,"op":153,"st":0,"bm":0},{"ddd":0,"ind":6,"ty":4,"nm":"Shape Layer 1","parent":7,"td":1,"sr":1,"ks":{"o":{"a":0,"k":100,"ix":11},"r":{"a":0,"k":0,"ix":10},"p":{"a":0,"k":[0,0,0],"ix":2},"a":{"a":0,"k":[0,0,0],"ix":1},"s":{"a":0,"k":[100,100,100],"ix":6}},"ao":0,"shapes":[{"ty":"gr","it":[{"ind":0,"ty":"sh","ix":1,"ks":{"a":1,"k":[{"i":{"x":0.493,"y":1},"o":{"x":0.333,"y":0},"n":"0p493_1_0p333_0","t":15,"s":[{"i":[[0,0],[0,0],[0,0],[0,0]],"o":[[0,0],[0,0],[0,0],[0,0]],"v":[[358,-280],[358,180],[-358,180],[-358,-282]],"c":true}],"e":[{"i":[[-211,-91],[0,0],[0,0],[-114.45,52.7]],"o":[[115.086,49.634],[0,0],[0,0],[215,-99]],"v":[[381,-85],[366,270],[-350,270],[-359,-85]],"c":true}]},{"i":{"x":0.468,"y":1},"o":{"x":0.333,"y":0},"n":"0p468_1_0p333_0","t":39,"s":[{"i":[[-211,-91],[0,0],[0,0],[-114.45,52.7]],"o":[[115.086,49.634],[0,0],[0,0],[215,-99]],"v":[[381,-85],[366,270],[-350,270],[-359,-85]],"c":true}],"e":[{"i":[[0,0],[0,0],[0,0],[0,0]],"o":[[0,0],[0,0],[0,0],[0,0]],"v":[[364,-162],[366,270],[-350,270],[-352,-164]],"c":true}]},{"i":{"x":0.468,"y":1},"o":{"x":0.167,"y":0},"n":"0p468_1_0p167_0","t":58,"s":[{"i":[[0,0],[0,0],[0,0],[0,0]],"o":[[0,0],[0,0],[0,0],[0,0]],"v":[[364,-162],[366,270],[-350,270],[-352,-164]],"c":true}],"e":[{"i":[[0,0],[0,0],[0,0],[0,0]],"o":[[0,0],[0,0],[0,0],[0,0]],"v":[[364,-162],[366,270],[-350,270],[-352,-164]],"c":true}]},{"i":{"x":0.667,"y":1},"o":{"x":0.532,"y":0},"n":"0p667_1_0p532_0","t":94,"s":[{"i":[[0,0],[0,0],[0,0],[0,0]],"o":[[0,0],[0,0],[0,0],[0,0]],"v":[[364,-162],[366,270],[-350,270],[-352,-164]],"c":true}],"e":[{"i":[[-211,-91],[0,0],[0,0],[-114.45,52.7]],"o":[[115.086,49.634],[0,0],[0,0],[215,-99]],"v":[[381,-85],[366,270],[-350,270],[-359,-85]],"c":true}]},{"i":{"x":0.667,"y":1},"o":{"x":0.507,"y":0},"n":"0p667_1_0p507_0","t":113,"s":[{"i":[[-211,-91],[0,0],[0,0],[-114.45,52.7]],"o":[[115.086,49.634],[0,0],[0,0],[215,-99]],"v":[[381,-85],[366,270],[-350,270],[-359,-85]],"c":true}],"e":[{"i":[[0,0],[0,0],[0,0],[0,0]],"o":[[0,0],[0,0],[0,0],[0,0]],"v":[[358,-280],[358,180],[-358,180],[-358,-282]],"c":true}]},{"t":137}],"ix":2},"nm":"Path 1","mn":"ADBE Vector Shape - Group","hd":false},{"ty":"st","c":{"a":0,"k":[0.035,0.035,0.043,1],"ix":3},"o":{"a":0,"k":100,"ix":4},"w":{"a":0,"k":5.4,"ix":5},"lc":1,"lj":1,"ml":4,"ml2":{"a":0,"k":4,"ix":8},"nm":"Stroke 1","mn":"ADBE Vector Graphic - Stroke","hd":false},{"ty":"fl","c":{"a":0,"k":[0.035,0.035,0.043,1],"ix":4},"o":{"a":0,"k":100,"ix":5},"r":1,"nm":"Fill 1","mn":"ADBE Vector Graphic - Fill","hd":false},{"ty":"tr","p":{"a":0,"k":[-14,84],"ix":2},"a":{"a":0,"k":[0,0],"ix":1},"s":{"a":0,"k":[100,100],"ix":3},"r":{"a":0,"k":0,"ix":6},"o":{"a":0,"k":100,"ix":7},"sk":{"a":0,"k":0,"ix":4},"sa":{"a":0,"k":0,"ix":5},"nm":"Transform"}],"nm":"Rectangle 1","np":3,"cix":2,"ix":1,"mn":"ADBE Vector Group","hd":false}],"ip":15,"op":153,"st":0,"bm":0},{"ddd":0,"ind":7,"ty":4,"nm":"back","parent":5,"tt":2,"sr":1,"ks":{"o":{"a":0,"k":100,"ix":11},"r":{"a":0,"k":0,"ix":10},"p":{"a":0,"k":[0,0,0],"ix":2},"a":{"a":0,"k":[0,0,0],"ix":1},"s":{"a":0,"k":[100,100,100],"ix":6}},"ao":0,"shapes":[{"ty":"gr","it":[{"ind":0,"ty":"sh","ix":1,"ks":{"a":1,"k":[{"i":{"x":0.365,"y":1},"o":{"x":0.333,"y":0},"n":"0p365_1_0p333_0","t":0,"s":[{"i":[[0,0],[0,0],[0,0],[-44,0],[0,0],[0,44]],"o":[[0,0],[0,0],[0,44],[0,0],[44,0],[0,0]],"v":[[222.539,-196.987],[-220.539,-196.987],[-258.539,252.987],[-178.539,332.987],[178.539,332.987],[258.539,252.987]],"c":true}],"e":[{"i":[[0,0],[0,0],[0,0],[-44,0],[0,0],[0,44]],"o":[[0,0],[0,0],[0,44],[0,0],[44,0],[0,0]],"v":[[222.539,-196.987],[-220.539,-196.987],[-258.539,252.987],[-178.539,332.987],[178.539,332.987],[258.539,252.987]],"c":true}]},{"i":{"x":0.485,"y":1},"o":{"x":0.333,"y":0},"n":"0p485_1_0p333_0","t":6,"s":[{"i":[[0,0],[0,0],[0,0],[-44,0],[0,0],[0,44]],"o":[[0,0],[0,0],[0,44],[0,0],[44,0],[0,0]],"v":[[222.539,-196.987],[-220.539,-196.987],[-258.539,252.987],[-178.539,332.987],[178.539,332.987],[258.539,252.987]],"c":true}],"e":[{"i":[[0,0],[0,0],[0,0],[-44,0],[0,0],[0,44]],"o":[[0,0],[0,0],[0,44],[0,0],[44,0],[0,0]],"v":[[222.539,-196.987],[-220.539,-196.987],[-258.539,252.987],[-178.539,332.987],[178.539,332.987],[258.539,252.987]],"c":true}]},{"i":{"x":0.493,"y":1},"o":{"x":0.333,"y":0},"n":"0p493_1_0p333_0","t":16,"s":[{"i":[[0,0],[0,0],[0,0],[-44,0],[0,0],[0,44]],"o":[[0,0],[0,0],[0,44],[0,0],[44,0],[0,0]],"v":[[222.539,-196.987],[-220.539,-196.987],[-258.539,252.987],[-178.539,332.987],[178.539,332.987],[258.539,252.987]],"c":true}],"e":[{"i":[[0,0],[0,0],[0,0],[-44,0],[0,0],[0,44]],"o":[[0,0],[0,0],[0,44],[0,0],[44,0],[0,0]],"v":[[223.077,-154.987],[-220,-154.987],[-258.539,252.987],[-178.539,332.987],[178.539,332.987],[258.539,252.987]],"c":true}]},{"i":{"x":0.468,"y":1},"o":{"x":0.333,"y":0},"n":"0p468_1_0p333_0","t":39,"s":[{"i":[[0,0],[0,0],[0,0],[-44,0],[0,0],[0,44]],"o":[[0,0],[0,0],[0,44],[0,0],[44,0],[0,0]],"v":[[223.077,-154.987],[-220,-154.987],[-258.539,252.987],[-178.539,332.987],[178.539,332.987],[258.539,252.987]],"c":true}],"e":[{"i":[[0,0],[0,0],[0,0],[-44,0],[0,0],[0,44]],"o":[[0,0],[0,0],[0,44],[0,0],[44,0],[0,0]],"v":[[222.539,-196.987],[-220.539,-196.987],[-258.539,252.987],[-178.539,332.987],[178.539,332.987],[258.539,252.987]],"c":true}]},{"i":{"x":0.62,"y":1},"o":{"x":0.167,"y":0},"n":"0p62_1_0p167_0","t":58,"s":[{"i":[[0,0],[0,0],[0,0],[-44,0],[0,0],[0,44]],"o":[[0,0],[0,0],[0,44],[0,0],[44,0],[0,0]],"v":[[222.539,-196.987],[-220.539,-196.987],[-258.539,252.987],[-178.539,332.987],[178.539,332.987],[258.539,252.987]],"c":true}],"e":[{"i":[[0,0],[0,0],[0,0],[-44,0],[0,0],[0,44]],"o":[[0,0],[0,0],[0,44],[0,0],[44,0],[0,0]],"v":[[222.539,-196.987],[-220.539,-196.987],[-258.539,252.987],[-178.539,332.987],[178.539,332.987],[258.539,252.987]],"c":true}]},{"i":{"x":0.52,"y":1},"o":{"x":0.333,"y":0},"n":"0p52_1_0p333_0","t":94,"s":[{"i":[[0,0],[0,0],[0,0],[-44,0],[0,0],[0,44]],"o":[[0,0],[0,0],[0,44],[0,0],[44,0],[0,0]],"v":[[222.539,-196.987],[-220.539,-196.987],[-258.539,252.987],[-178.539,332.987],[178.539,332.987],[258.539,252.987]],"c":true}],"e":[{"i":[[0,0],[0,0],[0,0],[-44,0],[0,0],[0,44]],"o":[[0,0],[0,0],[0,44],[0,0],[44,0],[0,0]],"v":[[223.077,-154.987],[-220,-154.987],[-258.539,252.987],[-178.539,332.987],[178.539,332.987],[258.539,252.987]],"c":true}]},{"i":{"x":0.551,"y":1},"o":{"x":0.333,"y":0},"n":"0p551_1_0p333_0","t":113,"s":[{"i":[[0,0],[0,0],[0,0],[-44,0],[0,0],[0,44]],"o":[[0,0],[0,0],[0,44],[0,0],[44,0],[0,0]],"v":[[223.077,-154.987],[-220,-154.987],[-258.539,252.987],[-178.539,332.987],[178.539,332.987],[258.539,252.987]],"c":true}],"e":[{"i":[[0,0],[0,0],[0,0],[-44,0],[0,0],[0,44]],"o":[[0,0],[0,0],[0,44],[0,0],[44,0],[0,0]],"v":[[222.539,-196.987],[-220.539,-196.987],[-258.539,252.987],[-178.539,332.987],[178.539,332.987],[258.539,252.987]],"c":true}]},{"i":{"x":0.357,"y":1},"o":{"x":0.333,"y":0},"n":"0p357_1_0p333_0","t":137,"s":[{"i":[[0,0],[0,0],[0,0],[-44,0],[0,0],[0,44]],"o":[[0,0],[0,0],[0,44],[0,0],[44,0],[0,0]],"v":[[222.539,-196.987],[-220.539,-196.987],[-258.539,252.987],[-178.539,332.987],[178.539,332.987],[258.539,252.987]],"c":true}],"e":[{"i":[[0,0],[0,0],[0,0],[-44,0],[0,0],[0,44]],"o":[[0,0],[0,0],[0,44],[0,0],[44,0],[0,0]],"v":[[222.539,-196.987],[-220.539,-196.987],[-258.539,252.987],[-178.539,332.987],[178.539,332.987],[258.539,252.987]],"c":true}]},{"i":{"x":0.203,"y":1},"o":{"x":0.333,"y":0},"n":"0p203_1_0p333_0","t":146,"s":[{"i":[[0,0],[0,0],[0,0],[-44,0],[0,0],[0,44]],"o":[[0,0],[0,0],[0,44],[0,0],[44,0],[0,0]],"v":[[222.539,-196.987],[-220.539,-196.987],[-258.539,252.987],[-178.539,332.987],[178.539,332.987],[258.539,252.987]],"c":true}],"e":[{"i":[[0,0],[0,0],[0,0],[-44,0],[0,0],[0,44]],"o":[[0,0],[0,0],[0,44],[0,0],[44,0],[0,0]],"v":[[222.539,-196.987],[-220.539,-196.987],[-258.539,252.987],[-178.539,332.987],[178.539,332.987],[258.539,252.987]],"c":true}]},{"t":152}],"ix":2},"nm":"Path 1","mn":"ADBE Vector Shape - Group","hd":false},{"ty":"st","c":{"a":0,"k":[0.035,0.035,0.043,1],"ix":3},"o":{"a":0,"k":100,"ix":4},"w":{"a":0,"k":40,"ix":5},"lc":2,"lj":2,"nm":"Stroke 1","mn":"ADBE Vector Graphic - Stroke","hd":false},{"ty":"tr","p":{"a":0,"k":[0,0],"ix":2},"a":{"a":0,"k":[0,0],"ix":1},"s":{"a":0,"k":[100,100],"ix":3},"r":{"a":0,"k":0,"ix":6},"o":{"a":0,"k":100,"ix":7},"sk":{"a":0,"k":0,"ix":4},"sa":{"a":0,"k":0,"ix":5},"nm":"Transform"}],"nm":"Group 1","np":2,"cix":2,"ix":1,"mn":"ADBE Vector Group","hd":false}],"ip":16,"op":137,"st":0,"bm":0}],"markers":[]}