{"v":"5.5.7","meta":{"g":"LottieFiles AE 0.1.20","a":"","k":"","d":"","tc":""},"fr":30,"ip":0,"op":90,"w":400,"h":400,"nm":"Comp 1","ddd":0,"assets":[],"layers":[{"ddd":0,"ind":1,"ty":4,"nm":"Layer 8 Outlines 3","parent":3,"sr":1,"ks":{"o":{"a":0,"k":100,"ix":11},"r":{"a":0,"k":0,"ix":10},"p":{"a":0,"k":[51.467,76.941,0],"ix":2},"a":{"a":0,"k":[51.467,76.941,0],"ix":1},"s":{"a":0,"k":[100,100,100],"ix":6}},"ao":0,"shapes":[{"ty":"gr","it":[{"ind":0,"ty":"sh","ix":1,"ks":{"a":0,"k":{"i":[[0,-2.547],[2.543,0],[0,2.546],[-2.547,0]],"o":[[0,2.546],[-2.547,0],[0,-2.547],[2.543,0]],"v":[[4.61,-0.001],[0,4.61],[-4.61,-0.001],[0,-4.61]],"c":true},"ix":2},"nm":"Path 1","mn":"ADBE Vector Shape - Group","hd":false},{"ty":"fl","c":{"a":0,"k":[1,1,1,1],"ix":4},"o":{"a":0,"k":100,"ix":5},"r":1,"bm":0,"nm":"Fill 1","mn":"ADBE Vector Graphic - Fill","hd":false},{"ty":"tr","p":{"a":0,"k":[80.164,79.663],"ix":2},"a":{"a":0,"k":[0,0],"ix":1},"s":{"a":0,"k":[100,100],"ix":3},"r":{"a":0,"k":0,"ix":6},"o":{"a":0,"k":100,"ix":7},"sk":{"a":0,"k":0,"ix":4},"sa":{"a":0,"k":0,"ix":5},"nm":"Transform"}],"nm":"Group 1","np":2,"cix":2,"bm":0,"ix":1,"mn":"ADBE Vector Group","hd":false},{"ty":"gr","it":[{"ind":0,"ty":"sh","ix":1,"ks":{"a":0,"k":{"i":[[0,0],[0,2.566],[0,0],[-2.566,0],[0,0],[0,0]],"o":[[-2.566,0],[0,0],[0,-2.565],[0,0],[0,0],[0,0]],"v":[[-11.682,11.037],[-16.327,6.391],[-16.327,-6.392],[-11.682,-11.037],[16.327,-11.037],[16.327,11.037]],"c":true},"ix":2},"nm":"Path 1","mn":"ADBE Vector Shape - Group","hd":false},{"ty":"fl","c":{"a":0,"k":[0.388000009574,0.344999994016,0.875,1],"ix":4},"o":{"a":0,"k":100,"ix":5},"r":1,"bm":0,"nm":"Fill 1","mn":"ADBE Vector Graphic - Fill","hd":false},{"ty":"tr","p":{"a":0,"k":[87.482,79.662],"ix":2},"a":{"a":0,"k":[0,0],"ix":1},"s":{"a":0,"k":[100,100],"ix":3},"r":{"a":0,"k":0,"ix":6},"o":{"a":0,"k":100,"ix":7},"sk":{"a":0,"k":0,"ix":4},"sa":{"a":0,"k":0,"ix":5},"nm":"Transform"}],"nm":"Group 2","np":2,"cix":2,"bm":0,"ix":2,"mn":"ADBE Vector Group","hd":false},{"ty":"gr","it":[{"ind":0,"ty":"sh","ix":1,"ks":{"a":0,"k":{"i":[[5.727,0],[0,0],[0,5.724],[0,0],[-4.39,-2.295],[-2.089,0],[0,0],[0,-5.727],[0,0]],"o":[[0,0],[-5.727,0],[0,0],[0,0],[2.731,1.428],[0,0],[5.727,0],[0,0],[0,5.724]],"v":[[41.412,39.358],[-41.408,39.358],[-51.779,28.992],[-51.779,-39.358],[-47.022,-33.354],[-37.772,-31.942],[41.412,-31.942],[51.779,-21.577],[51.779,28.992]],"c":true},"ix":2},"nm":"Path 1","mn":"ADBE Vector Shape - Group","hd":false},{"ty":"fl","c":{"a":0,"k":[0.522000002394,0.477999997606,0.972999961703,1],"ix":4},"o":{"a":0,"k":100,"ix":5},"r":1,"bm":0,"nm":"Fill 1","mn":"ADBE Vector Graphic - Fill","hd":false},{"ty":"tr","p":{"a":0,"k":[52.029,76.071],"ix":2},"a":{"a":0,"k":[0,0],"ix":1},"s":{"a":0,"k":[100,100],"ix":3},"r":{"a":0,"k":0,"ix":6},"o":{"a":0,"k":100,"ix":7},"sk":{"a":0,"k":0,"ix":4},"sa":{"a":0,"k":0,"ix":5},"nm":"Transform"}],"nm":"Group 3","np":2,"cix":2,"bm":0,"ix":3,"mn":"ADBE Vector Group","hd":false}],"ip":0,"op":384,"st":0,"bm":0},{"ddd":0,"ind":2,"ty":4,"nm":"Layer 8 Outlines 2","sr":1,"ks":{"o":{"a":0,"k":100,"ix":11},"r":{"a":0,"k":0,"ix":10},"p":{"a":1,"k":[{"i":{"x":0.667,"y":1},"o":{"x":0.333,"y":0},"t":12,"s":[207.554,284.721,0],"to":[0,-13.333,0],"ti":[0,11.833,0]},{"i":{"x":0.667,"y":1},"o":{"x":0.167,"y":0},"t":18,"s":[207.554,204.721,0],"to":[0,-11.833,0],"ti":[0,-1.5,0]},{"i":{"x":0.667,"y":0.667},"o":{"x":0.167,"y":0.167},"t":24,"s":[207.554,213.721,0],"to":[0,0,0],"ti":[0,0,0]},{"i":{"x":0.667,"y":1},"o":{"x":0.167,"y":0},"t":65,"s":[207.554,213.721,0],"to":[0,-1.5,0],"ti":[0,-11.833,0]},{"i":{"x":0.833,"y":1},"o":{"x":0.167,"y":0},"t":72.5,"s":[207.554,204.721,0],"to":[0,11.833,0],"ti":[0,-13.333,0]},{"t":80,"s":[207.554,284.721,0]}],"ix":2},"a":{"a":0,"k":[52.029,57.84,0],"ix":1},"s":{"a":1,"k":[{"i":{"x":[0.667,0.667,0.667],"y":[1,1,1]},"o":{"x":[0.333,0.333,0.333],"y":[0,0,0]},"t":80,"s":[178,178,100]},{"t":85,"s":[0,0,100]}],"ix":6}},"ao":0,"shapes":[{"ty":"gr","it":[{"ind":0,"ty":"sh","ix":1,"ks":{"a":0,"k":{"i":[[0.773,-0.381],[1.551,0],[0,0],[0,0],[0,0],[-0.821,-0.357],[0,-1.122]],"o":[[-0.777,0.383],[0,0],[0,0],[0,0],[1.805,0],[0.82,0.36],[0,1.12]],"v":[[4.668,6.973],[1.18,7.547],[-2.531,7.547],[-2.531,1.962],[0.66,1.962],[4.598,2.498],[5.828,4.72]],"c":true},"ix":2},"nm":"Path 1","mn":"ADBE Vector Shape - Group","hd":false},{"ind":1,"ty":"sh","ix":2,"ks":{"a":0,"k":{"i":[[-0.676,-0.347],[0,-1.076],[0.73,-0.322],[1.504,0],[0,0],[0,0],[0,0]],"o":[[0.668,0.348],[0,1.078],[-0.727,0.327],[0,0],[0,0],[0,0],[1.598,0]],"v":[[3.473,-7.025],[4.477,-4.892],[3.383,-2.795],[0.035,-2.308],[-2.531,-2.308],[-2.531,-7.546],[0.07,-7.546]],"c":true},"ix":2},"nm":"Path 2","mn":"ADBE Vector Shape - Group","hd":false},{"ind":2,"ty":"sh","ix":3,"ks":{"a":0,"k":{"i":[[0,1.692],[0.887,1.031],[1.504,0.326],[-0.161,0.082],[-0.414,0.326],[0,1.897],[1.086,1.248],[1.192,0.394],[0.399,0.082],[0,0],[0,0],[0,0],[0,0],[0,0],[0,0],[0,0],[0,0],[0,0],[0,0],[0,0],[0,0],[0,0],[0,0],[0,0],[0,0],[0,0],[0,0],[0,0],[0,0],[0,0],[0,0],[0,0],[-1.063,1.191]],"o":[[0,-1.525],[-0.894,-1.027],[0.414,-0.182],[0.164,-0.079],[1.226,-0.924],[0,-1.571],[-0.602,-0.672],[-0.355,-0.117],[0,0],[0,0],[0,0],[0,0],[0,0],[0,0],[0,0],[0,0],[0,0],[0,0],[0,0],[0,0],[0,0],[0,0],[0,0],[0,0],[0,0],[0,0],[0,0],[0,0],[0,0],[0,0],[0,0],[2.313,-0.248],[1.156,-1.293]],"v":[[11.414,5.395],[10.082,1.561],[6.488,-0.47],[7.356,-0.867],[8.223,-1.476],[10.063,-5.709],[8.434,-9.939],[5.742,-11.536],[4.609,-11.829],[4.609,-14.916],[0.352,-14.916],[0.352,-12.125],[-2.5,-12.125],[-2.5,-14.916],[-6.758,-14.916],[-6.758,-12.125],[-7.945,-12.125],[-11.414,-12.125],[-11.414,-7.546],[-7.945,-7.546],[-7.945,7.547],[-11.414,7.547],[-11.414,12.128],[-7.945,12.128],[-6.758,12.128],[-6.758,14.916],[-2.5,14.916],[-2.5,12.128],[0.352,12.128],[0.352,14.916],[4.609,14.916],[4.609,12.022],[9.68,9.872]],"c":true},"ix":2},"nm":"Path 3","mn":"ADBE Vector Shape - Group","hd":false},{"ty":"mm","mm":1,"nm":"Merge Paths 1","mn":"ADBE Vector Filter - Merge","hd":false},{"ty":"fl","c":{"a":0,"k":[1,1,1,1],"ix":4},"o":{"a":0,"k":100,"ix":5},"r":1,"bm":0,"nm":"Fill 1","mn":"ADBE Vector Graphic - Fill","hd":false},{"ty":"tr","p":{"a":0,"k":[50.629,33.55],"ix":2},"a":{"a":0,"k":[0,0],"ix":1},"s":{"a":0,"k":[100,100],"ix":3},"r":{"a":0,"k":0,"ix":6},"o":{"a":0,"k":100,"ix":7},"sk":{"a":0,"k":0,"ix":4},"sa":{"a":0,"k":0,"ix":5},"nm":"Transform"}],"nm":"Group 4","np":5,"cix":2,"bm":0,"ix":1,"mn":"ADBE Vector Group","hd":false},{"ty":"gr","it":[{"ind":0,"ty":"sh","ix":1,"ks":{"a":0,"k":{"i":[[0,-13.809],[13.809,0],[0,13.804],[-13.805,0]],"o":[[0,13.804],[-13.805,0],[0,-13.809],[13.809,0]],"v":[[24.998,0.001],[-0.002,24.997],[-24.998,0.001],[-0.002,-24.997]],"c":true},"ix":2},"nm":"Path 1","mn":"ADBE Vector Shape - Group","hd":false},{"ty":"fl","c":{"a":0,"k":[0.964999988032,0.882000014361,0.501999978458,1],"ix":4},"o":{"a":0,"k":100,"ix":5},"r":1,"bm":0,"nm":"Fill 1","mn":"ADBE Vector Graphic - Fill","hd":false},{"ty":"tr","p":{"a":0,"k":[50.631,33.552],"ix":2},"a":{"a":0,"k":[0,0],"ix":1},"s":{"a":0,"k":[100,100],"ix":3},"r":{"a":0,"k":0,"ix":6},"o":{"a":0,"k":100,"ix":7},"sk":{"a":0,"k":0,"ix":4},"sa":{"a":0,"k":0,"ix":5},"nm":"Transform"}],"nm":"Group 5","np":2,"cix":2,"bm":0,"ix":2,"mn":"ADBE Vector Group","hd":false},{"ty":"gr","it":[{"ind":0,"ty":"sh","ix":1,"ks":{"a":0,"k":{"i":[[0,-18.395],[18.395,0],[0,18.393],[-18.39,0]],"o":[[0,18.393],[-18.39,0],[0,-18.395],[18.395,0]],"v":[[33.303,0.001],[-0.003,33.302],[-33.303,0.001],[-0.003,-33.302]],"c":true},"ix":2},"nm":"Path 1","mn":"ADBE Vector Shape - Group","hd":false},{"ty":"fl","c":{"a":0,"k":[0.929000016755,0.736999990426,0.20800000359,1],"ix":4},"o":{"a":0,"k":100,"ix":5},"r":1,"bm":0,"nm":"Fill 1","mn":"ADBE Vector Graphic - Fill","hd":false},{"ty":"tr","p":{"a":0,"k":[50.631,33.552],"ix":2},"a":{"a":0,"k":[0,0],"ix":1},"s":{"a":0,"k":[100,100],"ix":3},"r":{"a":0,"k":0,"ix":6},"o":{"a":0,"k":100,"ix":7},"sk":{"a":0,"k":0,"ix":4},"sa":{"a":0,"k":0,"ix":5},"nm":"Transform"}],"nm":"Group 6","np":2,"cix":2,"bm":0,"ix":3,"mn":"ADBE Vector Group","hd":false}],"ip":8,"op":396,"st":19,"bm":0},{"ddd":0,"ind":3,"ty":4,"nm":"Layer 8 Outlines","sr":1,"ks":{"o":{"a":0,"k":100,"ix":11},"r":{"a":0,"k":0,"ix":10},"p":{"a":0,"k":[207.554,204.721,0],"ix":2},"a":{"a":0,"k":[52.029,57.84,0],"ix":1},"s":{"a":1,"k":[{"i":{"x":[0.667,0.667,0.667],"y":[1,1,1]},"o":{"x":[0.333,0.333,0.333],"y":[0,0,0]},"t":0,"s":[0,0,100]},{"i":{"x":[0.667,0.667,0.667],"y":[1,1,1]},"o":{"x":[0.333,0.333,0.333],"y":[0,0,0]},"t":9,"s":[185,185,100]},{"i":{"x":[0.667,0.667,0.667],"y":[1,1,1]},"o":{"x":[0.333,0.333,0.333],"y":[0,0,0]},"t":12,"s":[170,170,100]},{"i":{"x":[0.667,0.667,0.667],"y":[1,1,1]},"o":{"x":[0.333,0.333,0.333],"y":[0,0,0]},"t":15,"s":[178,178,100]},{"i":{"x":[0.667,0.667,0.667],"y":[1,1,1]},"o":{"x":[0.167,0.167,0.167],"y":[0,0,0]},"t":78,"s":[178,178,100]},{"i":{"x":[0.667,0.667,0.667],"y":[1,1,1]},"o":{"x":[0.333,0.333,0.333],"y":[0,0,0]},"t":83,"s":[190,190,100]},{"t":88,"s":[0,0,100]}],"ix":6}},"ao":0,"shapes":[{"ty":"gr","it":[{"ind":0,"ty":"sh","ix":1,"ks":{"a":0,"k":{"i":[[5.723,0],[0,0],[0,5.726],[0,0],[-5.727,0],[0,0],[0,-5.725],[0,0]],"o":[[0,0],[-5.727,0],[0,0],[0,-5.725],[0,0],[5.723,0],[0,0],[0,5.726]],"v":[[39.207,35.651],[-39.199,35.651],[-49.57,25.284],[-49.57,-25.286],[-39.199,-35.651],[39.207,-35.651],[49.57,-25.286],[49.57,25.284]],"c":true},"ix":2},"nm":"Path 1","mn":"ADBE Vector Shape - Group","hd":false},{"ty":"fl","c":{"a":0,"k":[0.388000009574,0.344999994016,0.875,1],"ix":4},"o":{"a":0,"k":100,"ix":5},"r":1,"bm":0,"nm":"Fill 1","mn":"ADBE Vector Graphic - Fill","hd":false},{"ty":"tr","p":{"a":0,"k":[49.82,62.306],"ix":2},"a":{"a":0,"k":[0,0],"ix":1},"s":{"a":0,"k":[100,100],"ix":3},"r":{"a":0,"k":0,"ix":6},"o":{"a":0,"k":100,"ix":7},"sk":{"a":0,"k":0,"ix":4},"sa":{"a":0,"k":0,"ix":5},"nm":"Transform"}],"nm":"Group 7","np":2,"cix":2,"bm":0,"ix":1,"mn":"ADBE Vector Group","hd":false}],"ip":0,"op":384,"st":0,"bm":0},{"ddd":0,"ind":6,"ty":4,"nm":"ÃÂ·ÃÂ² Outlines 4","sr":1,"ks":{"o":{"a":0,"k":100,"ix":11},"r":{"a":0,"k":0,"ix":10},"p":{"a":0,"k":[65.796,293.759,0],"ix":2},"a":{"a":0,"k":[673.894,440.86,0],"ix":1},"s":{"a":1,"k":[{"i":{"x":[0.667,0.667,0.667],"y":[1,1,1]},"o":{"x":[0.333,0.333,0.333],"y":[0,0,0]},"t":26,"s":[0,0,100]},{"i":{"x":[0.667,0.667,0.667],"y":[1,1,1]},"o":{"x":[0.333,0.333,0.333],"y":[0,0,0]},"t":31,"s":[185,185,100]},{"i":{"x":[0.667,0.667,0.667],"y":[1,1,1]},"o":{"x":[0.167,0.167,0.167],"y":[0,0,0]},"t":36,"s":[160,160,100]},{"i":{"x":[0.667,0.667,0.667],"y":[1,1,1]},"o":{"x":[0.333,0.333,0.333],"y":[0,0,0]},"t":41,"s":[185,185,100]},{"i":{"x":[0.667,0.667,0.667],"y":[1,1,1]},"o":{"x":[0.167,0.167,0.167],"y":[0,0,0]},"t":46,"s":[160,160,100]},{"i":{"x":[0.667,0.667,0.667],"y":[1,1,1]},"o":{"x":[0.167,0.167,0.167],"y":[0,0,0]},"t":51,"s":[185,185,100]},{"i":{"x":[0.667,0.667,0.667],"y":[1,1,1]},"o":{"x":[0.167,0.167,0.167],"y":[0,0,0]},"t":56,"s":[160,160,100]},{"i":{"x":[0.667,0.667,0.667],"y":[1,1,1]},"o":{"x":[0.167,0.167,0.167],"y":[0,0,0]},"t":61,"s":[185,185,100]},{"i":{"x":[0.667,0.667,0.667],"y":[1,1,1]},"o":{"x":[0.167,0.167,0.167],"y":[0,0,0]},"t":66,"s":[160,160,100]},{"i":{"x":[0.667,0.667,0.667],"y":[1,1,1]},"o":{"x":[0.167,0.167,0.167],"y":[0,0,0]},"t":71,"s":[185,185,100]},{"i":{"x":[0.667,0.667,0.667],"y":[1,1,1]},"o":{"x":[0.167,0.167,0.167],"y":[0,0,0]},"t":77,"s":[160,160,100]},{"i":{"x":[0.569,0.569,0.569],"y":[0.662,0.662,40.041]},"o":{"x":[0.167,0.167,0.167],"y":[0,0,0]},"t":83,"s":[185,185,100]},{"i":{"x":[0.703,0.703,0.703],"y":[1,1,1]},"o":{"x":[0.317,0.317,0.317],"y":[-68.821,-68.821,-43.013]},"t":87,"s":[0,0,100]},{"t":93,"s":[0,0,100]}],"ix":6}},"ao":0,"shapes":[{"ty":"gr","it":[{"ind":0,"ty":"sh","ix":1,"ks":{"a":0,"k":{"i":[[-3.242,-0.812],[0,0],[0,0],[0.813,-3.238],[0,0],[0,0],[3.238,0.813],[0,0],[0,0],[-0.809,3.238],[0,0],[0,0]],"o":[[0,0],[0,0],[-3.242,0.813],[0,0],[0,0],[-0.809,-3.238],[0,0],[0,0],[3.238,-0.812],[0,0],[0,0],[0.813,3.238]],"v":[[6.722,-0.138],[7.277,0.003],[6.722,0.139],[0.136,6.721],[-0.001,7.276],[-0.141,6.721],[-6.723,0.139],[-7.278,0.003],[-6.723,-0.138],[-0.141,-6.72],[-0.001,-7.275],[0.136,-6.72]],"c":true},"ix":2},"nm":"Path 1","mn":"ADBE Vector Shape - Group","hd":false},{"ty":"fl","c":{"a":0,"k":[1,0.811999990426,0.39199999641,1],"ix":4},"o":{"a":0,"k":100,"ix":5},"r":1,"bm":0,"nm":"Fill 1","mn":"ADBE Vector Graphic - Fill","hd":false},{"ty":"tr","p":{"a":0,"k":[674.112,440.422],"ix":2},"a":{"a":0,"k":[0,0],"ix":1},"s":{"a":0,"k":[100,100],"ix":3},"r":{"a":0,"k":0,"ix":6},"o":{"a":0,"k":100,"ix":7},"sk":{"a":0,"k":0,"ix":4},"sa":{"a":0,"k":0,"ix":5},"nm":"Transform"}],"nm":"Group 1","np":2,"cix":2,"bm":0,"ix":1,"mn":"ADBE Vector Group","hd":false}],"ip":26,"op":410,"st":26,"bm":0},{"ddd":0,"ind":7,"ty":4,"nm":"ÃÂ·ÃÂ² Outlines 3","sr":1,"ks":{"o":{"a":0,"k":100,"ix":11},"r":{"a":0,"k":0,"ix":10},"p":{"a":0,"k":[329.296,141.759,0],"ix":2},"a":{"a":0,"k":[725.861,323.445,0],"ix":1},"s":{"a":1,"k":[{"i":{"x":[0.667,0.667,0.667],"y":[1,1,1]},"o":{"x":[0.333,0.333,0.333],"y":[0,0,0]},"t":23,"s":[0,0,100]},{"i":{"x":[0.667,0.667,0.667],"y":[1,1,1]},"o":{"x":[0.333,0.333,0.333],"y":[0,0,0]},"t":28,"s":[185,185,100]},{"i":{"x":[0.667,0.667,0.667],"y":[1,1,1]},"o":{"x":[0.167,0.167,0.167],"y":[0,0,0]},"t":33,"s":[160,160,100]},{"i":{"x":[0.667,0.667,0.667],"y":[1,1,1]},"o":{"x":[0.333,0.333,0.333],"y":[0,0,0]},"t":38,"s":[185,185,100]},{"i":{"x":[0.667,0.667,0.667],"y":[1,1,1]},"o":{"x":[0.167,0.167,0.167],"y":[0,0,0]},"t":43,"s":[160,160,100]},{"i":{"x":[0.667,0.667,0.667],"y":[1,1,1]},"o":{"x":[0.167,0.167,0.167],"y":[0,0,0]},"t":48,"s":[185,185,100]},{"i":{"x":[0.667,0.667,0.667],"y":[1,1,1]},"o":{"x":[0.167,0.167,0.167],"y":[0,0,0]},"t":53,"s":[160,160,100]},{"i":{"x":[0.667,0.667,0.667],"y":[1,1,1]},"o":{"x":[0.167,0.167,0.167],"y":[0,0,0]},"t":58,"s":[185,185,100]},{"i":{"x":[0.667,0.667,0.667],"y":[1,1,1]},"o":{"x":[0.167,0.167,0.167],"y":[0,0,0]},"t":63,"s":[160,160,100]},{"i":{"x":[0.667,0.667,0.667],"y":[1,1,1]},"o":{"x":[0.167,0.167,0.167],"y":[0,0,0]},"t":68,"s":[185,185,100]},{"i":{"x":[0.667,0.667,0.667],"y":[1,1,1]},"o":{"x":[0.167,0.167,0.167],"y":[0,0,0]},"t":73,"s":[160,160,100]},{"i":{"x":[0.667,0.667,0.667],"y":[1,1,1]},"o":{"x":[0.167,0.167,0.167],"y":[0,0,0]},"t":78,"s":[185,185,100]},{"i":{"x":[0.569,0.569,0.569],"y":[0.549,0.549,40.041]},"o":{"x":[0.167,0.167,0.167],"y":[0,0,0]},"t":83,"s":[160,160,100]},{"i":{"x":[0.703,0.703,0.703],"y":[1,1,1]},"o":{"x":[0.317,0.317,0.317],"y":[-79.574,-79.574,-43.013]},"t":87,"s":[0,0,100]},{"t":93,"s":[0,0,100]}],"ix":6}},"ao":0,"shapes":[{"ty":"gr","it":[{"ind":0,"ty":"sh","ix":1,"ks":{"a":0,"k":{"i":[[-3.051,-0.766],[0,0],[0,0],[0.766,-3.055],[0,0],[0,0],[3.055,0.761],[0,0],[0,0],[-0.765,3.055],[0,0],[0,0]],"o":[[0,0],[0,0],[-3.051,0.761],[0,0],[0,0],[-0.765,-3.055],[0,0],[0,0],[3.055,-0.766],[0,0],[0,0],[0.766,3.055]],"v":[[6.334,-0.133],[6.857,0],[6.334,0.133],[0.131,6.336],[-0.002,6.859],[-0.131,6.336],[-6.338,0.133],[-6.857,0],[-6.338,-0.133],[-0.131,-6.336],[-0.002,-6.859],[0.131,-6.336]],"c":true},"ix":2},"nm":"Path 1","mn":"ADBE Vector Shape - Group","hd":false},{"ty":"fl","c":{"a":0,"k":[1,0.811999990426,0.39199999641,1],"ix":4},"o":{"a":0,"k":100,"ix":5},"r":1,"bm":0,"nm":"Fill 1","mn":"ADBE Vector Graphic - Fill","hd":false},{"ty":"tr","p":{"a":0,"k":[725.332,323.166],"ix":2},"a":{"a":0,"k":[0,0],"ix":1},"s":{"a":0,"k":[100,100],"ix":3},"r":{"a":0,"k":0,"ix":6},"o":{"a":0,"k":100,"ix":7},"sk":{"a":0,"k":0,"ix":4},"sa":{"a":0,"k":0,"ix":5},"nm":"Transform"}],"nm":"Group 2","np":2,"cix":2,"bm":0,"ix":1,"mn":"ADBE Vector Group","hd":false}],"ip":23,"op":407,"st":23,"bm":0},{"ddd":0,"ind":8,"ty":4,"nm":"ÃÂ·ÃÂ² Outlines 2","sr":1,"ks":{"o":{"a":0,"k":100,"ix":11},"r":{"a":0,"k":0,"ix":10},"p":{"a":0,"k":[94.296,342.759,0],"ix":2},"a":{"a":0,"k":[751.142,312.77,0],"ix":1},"s":{"a":1,"k":[{"i":{"x":[0.667,0.667,0.667],"y":[1,1,1]},"o":{"x":[0.333,0.333,0.333],"y":[0,0,0]},"t":18,"s":[0,0,100]},{"i":{"x":[0.667,0.667,0.667],"y":[1,1,1]},"o":{"x":[0.333,0.333,0.333],"y":[0,0,0]},"t":23,"s":[185,185,100]},{"i":{"x":[0.667,0.667,0.667],"y":[1,1,1]},"o":{"x":[0.167,0.167,0.167],"y":[0,0,0]},"t":28,"s":[160,160,100]},{"i":{"x":[0.667,0.667,0.667],"y":[1,1,1]},"o":{"x":[0.333,0.333,0.333],"y":[0,0,0]},"t":33,"s":[185,185,100]},{"i":{"x":[0.667,0.667,0.667],"y":[1,1,1]},"o":{"x":[0.167,0.167,0.167],"y":[0,0,0]},"t":38,"s":[160,160,100]},{"i":{"x":[0.667,0.667,0.667],"y":[1,1,1]},"o":{"x":[0.167,0.167,0.167],"y":[0,0,0]},"t":43,"s":[185,185,100]},{"i":{"x":[0.667,0.667,0.667],"y":[1,1,1]},"o":{"x":[0.167,0.167,0.167],"y":[0,0,0]},"t":48,"s":[160,160,100]},{"i":{"x":[0.667,0.667,0.667],"y":[1,1,1]},"o":{"x":[0.167,0.167,0.167],"y":[0,0,0]},"t":53,"s":[185,185,100]},{"i":{"x":[0.667,0.667,0.667],"y":[1,1,1]},"o":{"x":[0.167,0.167,0.167],"y":[0,0,0]},"t":58,"s":[160,160,100]},{"i":{"x":[0.667,0.667,0.667],"y":[1,1,1]},"o":{"x":[0.167,0.167,0.167],"y":[0,0,0]},"t":63,"s":[185,185,100]},{"i":{"x":[0.667,0.667,0.667],"y":[1,1,1]},"o":{"x":[0.167,0.167,0.167],"y":[0,0,0]},"t":68,"s":[160,160,100]},{"i":{"x":[0.667,0.667,0.667],"y":[1,1,1]},"o":{"x":[0.167,0.167,0.167],"y":[0,0,0]},"t":73,"s":[185,185,100]},{"i":{"x":[0.667,0.667,0.667],"y":[1,1,1]},"o":{"x":[0.167,0.167,0.167],"y":[0,0,0]},"t":78,"s":[160,160,100]},{"i":{"x":[0.564,0.564,0.564],"y":[0.708,0.708,34.797]},"o":{"x":[0.167,0.167,0.167],"y":[0,0,0]},"t":83,"s":[185,185,100]},{"i":{"x":[0.841,0.841,0.841],"y":[1,1,1]},"o":{"x":[0.38,0.38,0.38],"y":[-70.654,-70.654,-44.159]},"t":87,"s":[0,0,100]},{"t":93,"s":[0,0,100]}],"ix":6}},"ao":0,"shapes":[{"ty":"gr","it":[{"ind":0,"ty":"sh","ix":1,"ks":{"a":0,"k":{"i":[[-4.527,-1.133],[0,0],[0,0],[1.132,-4.527],[0,0],[0,0],[4.523,1.132],[0,0],[0,0],[-1.137,4.523],[0,0],[0,0]],"o":[[0,0],[0,0],[-4.527,1.132],[0,0],[0,0],[-1.137,-4.527],[0,0],[0,0],[4.523,-1.133],[0,0],[0,0],[1.132,4.523]],"v":[[9.389,-0.197],[10.162,-0.002],[9.389,0.194],[0.194,9.389],[-0.002,10.162],[-0.193,9.389],[-9.388,0.194],[-10.162,-0.002],[-9.388,-0.197],[-0.193,-9.388],[-0.002,-10.162],[0.194,-9.388]],"c":true},"ix":2},"nm":"Path 1","mn":"ADBE Vector Shape - Group","hd":false},{"ty":"fl","c":{"a":0,"k":[1,0.811999990426,0.39199999641,1],"ix":4},"o":{"a":0,"k":100,"ix":5},"r":1,"bm":0,"nm":"Fill 1","mn":"ADBE Vector Graphic - Fill","hd":false},{"ty":"tr","p":{"a":0,"k":[751.422,311.793],"ix":2},"a":{"a":0,"k":[0,0],"ix":1},"s":{"a":0,"k":[100,100],"ix":3},"r":{"a":0,"k":0,"ix":6},"o":{"a":0,"k":100,"ix":7},"sk":{"a":0,"k":0,"ix":4},"sa":{"a":0,"k":0,"ix":5},"nm":"Transform"}],"nm":"Group 3","np":2,"cix":2,"bm":0,"ix":1,"mn":"ADBE Vector Group","hd":false}],"ip":18,"op":402,"st":18,"bm":0},{"ddd":0,"ind":9,"ty":4,"nm":"ÃÂ·ÃÂ² Outlines","sr":1,"ks":{"o":{"a":0,"k":100,"ix":11},"r":{"a":0,"k":0,"ix":10},"p":{"a":0,"k":[292.796,84.259,0],"ix":2},"a":{"a":0,"k":[712.659,465.298,0],"ix":1},"s":{"a":1,"k":[{"i":{"x":[0.667,0.667,0.667],"y":[1,1,1]},"o":{"x":[0.333,0.333,0.333],"y":[0,0,0]},"t":21,"s":[0,0,100]},{"i":{"x":[0.667,0.667,0.667],"y":[1,1,1]},"o":{"x":[0.333,0.333,0.333],"y":[0,0,0]},"t":26,"s":[185,185,100]},{"i":{"x":[0.667,0.667,0.667],"y":[1,1,1]},"o":{"x":[0.167,0.167,0.167],"y":[0,0,0]},"t":31,"s":[160,160,100]},{"i":{"x":[0.667,0.667,0.667],"y":[1,1,1]},"o":{"x":[0.333,0.333,0.333],"y":[0,0,0]},"t":36,"s":[185,185,100]},{"i":{"x":[0.667,0.667,0.667],"y":[1,1,1]},"o":{"x":[0.167,0.167,0.167],"y":[0,0,0]},"t":41,"s":[160,160,100]},{"i":{"x":[0.667,0.667,0.667],"y":[1,1,1]},"o":{"x":[0.167,0.167,0.167],"y":[0,0,0]},"t":46,"s":[185,185,100]},{"i":{"x":[0.667,0.667,0.667],"y":[1,1,1]},"o":{"x":[0.167,0.167,0.167],"y":[0,0,0]},"t":51,"s":[160,160,100]},{"i":{"x":[0.667,0.667,0.667],"y":[1,1,1]},"o":{"x":[0.167,0.167,0.167],"y":[0,0,0]},"t":56,"s":[185,185,100]},{"i":{"x":[0.667,0.667,0.667],"y":[1,1,1]},"o":{"x":[0.167,0.167,0.167],"y":[0,0,0]},"t":62,"s":[160,160,100]},{"i":{"x":[0.667,0.667,0.667],"y":[1,1,1]},"o":{"x":[0.167,0.167,0.167],"y":[0,0,0]},"t":67,"s":[185,185,100]},{"i":{"x":[0.667,0.667,0.667],"y":[1,1,1]},"o":{"x":[0.167,0.167,0.167],"y":[0,0,0]},"t":72,"s":[160,160,100]},{"i":{"x":[0.667,0.667,0.667],"y":[1,1,1]},"o":{"x":[0.167,0.167,0.167],"y":[0,0,0]},"t":77,"s":[185,185,100]},{"i":{"x":[0.564,0.564,0.564],"y":[0.609,0.609,34.797]},"o":{"x":[0.167,0.167,0.167],"y":[0,0,0]},"t":83,"s":[160,160,100]},{"i":{"x":[0.841,0.841,0.841],"y":[1,1,1]},"o":{"x":[0.38,0.38,0.38],"y":[-81.694,-81.694,-44.159]},"t":87,"s":[0,0,100]},{"t":93,"s":[0,0,100]}],"ix":6}},"ao":0,"shapes":[{"ty":"gr","it":[{"ind":0,"ty":"sh","ix":1,"ks":{"a":0,"k":{"i":[[-5.902,-1.48],[0,0],[0,0],[1.48,-5.902],[0,0],[0,0],[5.902,1.48],[0,0],[0,0],[-1.477,5.898],[0,0],[0,0]],"o":[[0,0],[0,0],[-5.902,1.48],[0,0],[0,0],[-1.477,-5.902],[0,0],[0,0],[5.902,-1.48],[0,0],[0,0],[1.48,5.898]],"v":[[12.246,-0.252],[13.254,0.002],[12.246,0.252],[0.25,12.244],[0,13.252],[-0.254,12.244],[-12.246,0.252],[-13.254,0.002],[-12.246,-0.252],[-0.254,-12.244],[0,-13.252],[0.25,-12.244]],"c":true},"ix":2},"nm":"Path 1","mn":"ADBE Vector Shape - Group","hd":false},{"ty":"fl","c":{"a":0,"k":[1,0.811999990426,0.39199999641,1],"ix":4},"o":{"a":0,"k":100,"ix":5},"r":1,"bm":0,"nm":"Fill 1","mn":"ADBE Vector Graphic - Fill","hd":false},{"ty":"tr","p":{"a":0,"k":[712.901,464.848],"ix":2},"a":{"a":0,"k":[0,0],"ix":1},"s":{"a":0,"k":[100,100],"ix":3},"r":{"a":0,"k":0,"ix":6},"o":{"a":0,"k":100,"ix":7},"sk":{"a":0,"k":0,"ix":4},"sa":{"a":0,"k":0,"ix":5},"nm":"Transform"}],"nm":"Group 4","np":2,"cix":2,"bm":0,"ix":1,"mn":"ADBE Vector Group","hd":false}],"ip":21,"op":405,"st":21,"bm":0}],"markers":[]}